ASN,Entity
3223,"VOXILITY, RO"
3561,"CENTURYLINK-LEGACY-SAVVIS - Savvis, US"
3842,"RAMNODE - RamNode LLC, US"
4250,"ALENT-ASN-1 - Alentus Corporation, US"
4323,"TWTC - tw telecom holdings, inc., US"
4694,"IDC Yahoo Japan Corporation, JP"
5577,"ROOT, LU"
6724,"STRATO STRATO AG, DE"
6870,"H1ASN, RU"
6939,"HURRICANE - Hurricane Electric, Inc., US"
7203,"LEASEWEB-USA-SFO-12 - Leaseweb USA, Inc., US"
7489,"HOSTUS-GLOBAL-AS HostUS, HK"
7506,"INTERQ GMO Internet,Inc, JP"
7850,"CITYLINKFIBER - iHighway.net, Inc., US"
7979,"SERVERS - Servers.com, Inc., US"
8075,"MICROSOFT-CORP-MSN-AS-BLOCK - Microsoft Corporation, US"
8100,"ASN-QUADRANET-GLOBAL - QuadraNet, Inc, US"
8455,"ATOM86-AS ATOM86, NL"
8560,"ONEANDONE-AS Brauerstrasse 48, DE"
8972,"PLUSSERVER-AS, DE"
9009,"M247, GB"
9370,"SAKURA-B SAKURA Internet Inc., JP"
10297,"ENET-2 - eNET Inc., US"
10439,"CARINET - CariNet, Inc., US"
10929,"NETELLIGENT - Netelligent Hosting Services Inc., CA"
11588,"HIGHWINDS - Highwinds Network Group, Inc., US"
11831,"ESECUREDATA - eSecureData, CA"
11878,"TZULO - tzulo, inc., US"
12586,"ASGHOSTNET, DE"
12876,"AS12876, FR"
12989,"HWNG, NL"
13213,"UK2NET-AS, GB"
13739,"DATACENTER-IP - Datacenter IP, LLC, US"
13926,"RBLHST-NY - Strong Technology, LLC., US"
14061,"DIGITALOCEAN-ASN - Digital Ocean, Inc., US"
14127,"ILAND - Iland Internet Solutions Corporation, US"
14618,"AMAZON-AES - Amazon.com, Inc., US"
15003,"NOBIS-TECH - Nobis Technology Group, LLC, US"
15083,"INFOLINK-MIA-US - Infolink Global Corporation, US"
15169,"GOOGLE - Google Inc., US"
15395,"RACKSPACE-LON, GB"
15497,"COLOCALL Internet Data Center ""ColoCALL"", UA"
15510,"CWCS-PS, GB"
15626,"ITLAS, UA"
15734,"IDH, ES"
16125,"CHERRYSERVERS1-AS, LT"
16262,"DELTA-LTD-AS, RU"
16276,"OVH, FR"
16284,"UNSPECIFIED, NG"
16397,"EQUINIX BRASIL SP, BR"
16509,"AMAZON-02 - Amazon.com, Inc., US"
16628,"DEDICATED-FIBER-COMMUNICATIONS - DedFiberCo, US"
17216,"DC74-AS - DC74 LLC, US"
18450,"WEBNX - WebNX, Inc., US"
18779,"EGIHOSTING - EGIHosting, US"
18978,"ENZUINC-US - Enzu Inc, US"
19084,"COLOUP - ColoUp, US"
19318,"NJIIX-AS-1 - NEW JERSEY INTERNATIONAL INTERNET EXCHANGE LLC,"
19437,"SS-ASH - SECURED SERVERS LLC, US"
19531,"NODESDIRECT - Nodes Direct, US"
19624,"SERVERROOM - Data Room, Inc, US"
19844,"GORACK - GoRack LLC, US"
19871,"NETWORK-SOLUTIONS-HOSTING - Network Solutions, LLC, US"
19969,"JOESDATACENTER - Joe's Datacenter, LLC, US"
20021,"LNH-INC - HostMySite, US"
20264,WEBAIR-INTERNET-2 - Webair Internet Development Company Inc.
20454,"SSASN2 - SECURED SERVERS LLC, US"
20473,"AS-CHOOPA - Choopa, LLC, US"
20598,"CYBERSPACE-AS Autonomous System number for Cyber Space, IL"
20738,"AS20738, GB"
20773,"HOSTEUROPE-AS, DE"
20836,"CDLAN-AS Milano, IT"
20860,"IOMART-AS, GB"
21100,"ITLDC-NL, UA"
21159,"NOVOSERVE-GMBH-AS Frankfurt, Germany, NL"
21321,"ARETI-AS, GB"
21859,"ZNET - Zenlayer Inc, US"
22363,"PHMGMT-AS1 - Powerhouse Management, Inc., US"
22552,"ESITED - eSited Solutions, US"
22781,"RBLHST - Strong Technology, LLC., US"
23033,"WOW - Wowrack.com, US"
23342,"UNITEDLAYER - Unitedlayer, Inc., US"
23352,"SERVERCENTRAL - Server Central Network, US"
24482,"SGGS-AS-AP SG.GS, SG"
24768,"ALMOUROLTEC, PT"
24875,"NOVOSERVE-AS, NL"
24940,"HETZNER-AS, DE"
24961,"MYLOC-AS, DE"
24971,"MASTER-AS Czech Republic / www.master.cz, CZ"
25163,"NG-NIGERIA-AS, NG"
25369,"BANDWIDTH-AS, GB"
25379,"PEKITEL-AS, RU"
25780,"HUGESERVER-NETWORKS - HugeServer Networks, LLC, US"
25820,"IT7NET - IT7 Networks Inc, CA"
27257,"WEBAIR-INTERNET - Webair Internet Development Company Inc.,"
28753,"LEASEWEB-, DE"
29066,"VELIANET-AS velia.net Internetdienste GmbH, DE"
29073,"QUASINETWORKS, NL"
29182,"ISPSYSTEM-AS, LU"
29302,"HSI-EUROPE, GB"
29354,"PCE-DE-DUS - PCE-NET GmbH, DE"
29465,"VCG-AS, NG"
29550,"SIMPLYTRANSIT, GB"
29691,"NINE, CH"
29802,"HVC-AS - HIVELOCITY VENTURES CORP, US"
29838,"AMC - Atlantic Metro Communications, US"
29854,"WESTHOST - WestHost, Inc., US"
30083,"SERVER4YOU - server4you Inc., US"
30176,"AS-PRIORITYCOLO - Priority Colo Inc, CA"
30475,"WEHOSTWEBSITES-COM - Handy Networks, LLC, US"
30633,"LEASEWEB-USA-WDC-01 - Leaseweb USA, Inc., US"
30693,"SERVERHUB-PHOENIX - Eonix Corporation, US"
30900,"WEBWORLD-AS t/a Web World Ireland, IE"
30998,"NAL-AS, NG"
31034,"ARUBA-ASN, IT"
31103,"KEYWEB-AS, DE"
32097,"WII-KC - WholeSale Internet, Inc., US"
32181,"ASN-GIGENET - GigeNET, US"
32244,"LIQUID-WEB-INC - Liquid Web, L.L.C, US"
32475,"SINGLEHOP-LLC - SingleHop, Inc., US"
32489,"AMANAHA-NEW - Amanah Tech Inc., CA"
32613,"IWEB-AS - iWeb Technologies Inc., CA"
32780,"HOSTINGSERVICES-INC - Hosting Services, Inc., US"
33070,"Rackspace"
33083,"AXCELX-NET - AxcelX Technologies LLC, US"
33182,"DIMENOC - HostDime.com, Inc., US"
33302,"ONS-COS - Data 102, LLC, US"
33330,"CLOUDRADIUM-ASN - CloudRadium L.L.C, US"
33387,"DATASHACK - DataShack, LC, US"
33438,"HIGHWINDS2 - Highwinds Network Group, Inc., US"
33480,"WEBWERKSAS1 - Web Werks, US"
33724,"BIZNESSHOSTING - VOLICO, US"
33785,"CITYNET, EG"
33891,"CORE-BACKBONE, DE"
34305,"BASEIP, NL"
34971,"PDDA-AS, CZ"
34989,"SERVETHEWORLD-AS, NO"
35017,"SWIFTWAY-AS Netherlands, GB"
35366,"ISPPRO-AS EUserv / KOS-Online / Keepfree, DE"
35415,"WEBZILLA, NL"
35470,"XL-AS, NL"
35662,"REDSTATION European Network, GB"
35908,"VPLSNET - Krypt Technologies, US"
35916,"MULTA-ASN1 - MULTACOM CORPORATION, US"
36024,"COLO4-CO - Colo4, LLC, US"
36114,"VERSAWEB-ASN - Versaweb, LLC, US"
36290,"THECABLE-STKITTS-01 - The Cable of St. Kitts, KN"
36351,"SOFTLAYER - SoftLayer Technologies Inc., US"
36352,"AS-COLOCROSSING - ColoCrossing, US"
36666,"GTCOMM - GloboTech Communications, CA"
36873,"VNL1-AS, NG"
36887,"DOPC-AS, NG"
36920,"KKON, NG"
36970,"interswitch, NG"
37018,"GALAXYBB-AS, NG"
37088,"VDT-AS, NG"
37153,"HETZNER, ZA"
37170,"UNILAG, NG"
37209,"HYPERIA, NG"
37230,"SWIFTTALK, NG"
37248,"PHASE3TEL, NG"
37269,"ICSL, NG"
37280,"BCL, NG"
37308,"COOLLINK, NG"
37347,"NGCOM, NG"
37377,"Futurecom, NG"
37472,"NIGCOMSAT, NG"
37506,"Zinox, NG"
37521,"Internet-Solutions-, NG"
37540,"WINROCK-, NG"
37643,"Ambion-AS, NG"
37661,"NRaE1-AS, NG"
37692,"NetStack-AS, ZA"
37714,"BITFLUX, NG"
38001,"NEWMEDIAEXPRESS-AS-AP NewMedia Express Pte Ltd, SG"
39020,"COMVIVE-AS Madrid - Spain, ES"
39326,"HSO-GROUP, GB"
39351,"ESAB-AS, SE"
39392,"SUPERNETWORK-AS Bilejova 407, CZ"
39572,"ADVANCEDHOSTERS-AS, NL"
40156,"THEOPT-HOU - The Optimal Link Corporation, US"
40244,"TURNKEY-INTERNET - Turnkey Internet Inc., US"
40676,"AS40676 - Psychz Networks, US"
40824,"WZCOM-US - WZ Communications Inc., US"
40861,"PARAD-40-ASN - Paradise Networks LLC, US"
41653,"AQUARAY, FR"
41665,"HOSTING-AS http://hosting.ua, UA"
42160,"LCPDCO LCP AS dc oostkamp, BE"
42331,"FREEHOST, UA"
42473,"ANEXIA-AS A-9020 Klagenfurt, AT"
42695,"CNHAB, SE"
42708,"PORTLANE www.portlane.com, SE"
42730,"EVANZOAS, DE"
42831,"UKSERVERS-AS UK Dedicated Servers, Hosting and Co-Location,"
43146,"Agava ltd, RU"
49505,"OOO Network of data-centers Selectel"
43289,"TRABIA trabia network, MD"
43317,"FISHNET-AS, RU"
43350,"NFORCE, NL"
44050,"PIN-AS, RU"
44066,"DE-FIRSTCOLO www.first-colo.net, DE"
45102,"CNNIC-ALIBABA-CN-NET-AP Alibaba (China) Technology Co., Ltd."
45187,RACKSPACE-AP Rackspace IT Hosting AS IT Hosting Provider Hon
45470,"SG-8-TO-SG 8 to Infinity Pte Ltd, SG"
45671,"AS45671-NET-AU Wholesale Services Provider, AU"
45815,"HOSTCOIN-AS-IN-AP ESDS Software Solution Pvt. Ltd., IN"
46261,"QUICKPACKET - QuickPacket, LLC, US"
46430,"ASN-VICTON - VICTON, Inc., CA"
46475,"LIMESTONENETWORKS - Limestone Networks, Inc., US"
46562,"TOTAL-SERVER-SOLUTIONS - Total Server Solutions L.L.C., US"
46664,"VOLUMEDRIVE - VolumeDrive, US"
46805,"CACHED - CachedNet LLC, US"
46816,"DSNETWORKS-001 - DirectSpace Networks, LLC., US"
46844,"ST-BGP - Sharktech, US"
47328,"TRI-AS, ES"
47447,"TTM, DE"
47588,"TELENETRONICS-AS, RS"
49349,"DOTSI, PT"
49367,"ASSEFLOW Amsterdam Internet Exchange (AMS-IX), IT"
49453,"GLOBALLAYER, NL"
49505,"SELECTEL, RU"
49532,"SERVERHUB-, DE"
49544,"I3DNET, NL"
49981,"WORLDSTREAM, NL"
50297,"INFIUM, UA"
50613,"THORDC-AS, IS"
50673,"SERVERIUS-AS, NL"
51159,"THINKSYSTEMSUK-ASN, GB"
51167,"CONTABO to AS1299 announce AS34933, DE"
51191,"XIRRA, DE"
51395,"AS-SOFTPLUS, CH"
51430,"ALTUSHOST-NET, NL"
51731,"GTT-AS, CZ"
51765,"ASEUHOST, FI"
51852,"PLI-AS, CH"
52048,"DATACLUB, LV"
52173,"MAKONIX, LV"
52219,"ROUTERNETWORKS, US"
53013,"WIX NET DO BRASIL LTDA, BR"
53340,"FIBERHUB - VegasNAP, LLC, US"
53559,"ANONYMIZER - Anonymizer Inc., US"
53597,"HOYOS-CONSULTING-LLC - Hoyos Consulting LLC, US"
53667,"PONYNET - FranTech Solutions, US"
53755,"IOFLOOD - Input Output Flood LLC, US"
53850,"GORILLASERVERS - GorillaServers, Inc., US"
53889,"MICFO - Micfo, LLC., US"
54104,"AS-NETDNA - netDNA, US"
54203,"RBLHST-FL - Strong Technology, LLC., US"
54455,"MADEIT - MadeIT inc., US"
54489,"CORESPACE-DAL - CoreSpace, Inc., US"
54500,"18779 - EGIHosting, US"
54540,"INCERO - Incero LLC, US"
55225,"ILIKA - velia.net (USA) Inc., US"
55286,"SERVER-MANIA - B2 Net Solutions Inc., CA"
55536,"PSWITCH-HK PACSWITCH IP NETWORK, HK"
55933,"CLOUDIE-AS-AP Cloudie Limited, HK"
55967,CNNIC-BAIDU-AP Beijing Baidu Netcom Science and Technology C
56322,"SERVERASTRA-AS, HU"
56630,"MELBICOM-EU-AS, NL"
56934,"SOLOGIGABIT-AS, ES"
57043,"HOSTKEY-AS, NL"
57169,"EDIS-AS-EU, AT"
57230,"ARIAWEBCO-AS, GB"
57858,"AS57858, EE"
58073,"YISP-AS, NL"
58305,"SYN, GB"
59253,"LSW-SG Leaseweb Asia Pacific pte. ltd., SG"
59349,"GMO-Z-COM GMO-Z.COM PTE. LTD., SG"
59432,"GINERNET, ES"
59504,"CYBERTECH-AS, RU"
59729,"ITL-, BG"
59764,"ATLANTIC-NET, GB"
60011,"BHOST, GB"
60068,"CDN77, GB"
60118,"ALISTAR-AS, RO"
60404,"LITESERVER, NL"
60485,"AS-60485, EE"
60505,"TELENET-SLJUDJANKA-AS, RU"
60558,"SECUREDSERVERS-, EU"
60567,"DATACLUB-, SE"
60781,"LEASEWEB-NL Netherlands, NL"
61102,"INTERHOST, IL"
61157,"PLUSSERVER-ASN1, DE"
61317,"ASDETUK http://www.host1plus.com, GB"
61440,"Digital Energy Technologies Chile SpA, CL"
62217,"VOOSERVERS, GB"
62240,"CLOUVIDER London, United Kingdom, GB"
62282,"RACKRAY UAB Rakrejus, LT"
62370,"SNEL, NL"
62471,"SWITCHDATASOLUTIONS-AS - SupremeBytes, LLC, US"
62540,"DRAKE-AS - Drake Holdings LLC, US"
62567,"DIGITALOCEAN-ASN-NY2 - Digital Ocean, Inc., US"
63008,"CONTINA - Contina, US"
63018,"USDEDICATED - US Dedicated, US"
63119,"AS-63119 - netirons, US"
63128,"RBLHST-TOR - Strong Technology, LLC., US"
63199,"CDSC-AS1 - Capitalonline Data Service Co.,LTD, US"
63473,"HOSTHATCH-ASN - HostHatch, Inc, US"
63949,"LINODE-AP Linode, LLC, US"
64245,"AS-DIGITALFYRE - DigitalFyre Internet Solutions, LLC., US"
64484,"ASDMZHOST, NL"
132816,"SIMPLERCLOUD-AS-AP SimplerCloud Pte Ltd, SG"
133296,"WEBWERKS-AS-IN Web Werks India Pvt. Ltd., IN"
133480,"INTERGRID-AS-AP Intergrid Group Pty Ltd, AU"
133752,"LSW-HK Leaseweb Asia Pacific pte. ltd., HK"
134451,"NME-INDONESIA-AS-AP NewMedia Express Pte Ltd, ID"
136258,"ONEPROVIDER-AS BrainStorm Network, Inc, CA"
197155,"ARTNET, PL"
197328,"INETLTD, TR"
198310,"PALLADA-AS, RU"
199653,"ARUBAFR-AS, FR"
199883,"ARUBACLOUDLTD-ASN, GB"
200019,"ASCLOUDATA, MD"
200039,"HYDRACOM-AS, GB"
201011,"NETZBETRIEB-GMBH, DE"
201525,"HZ-CA-AS, BG"
202053,"UPCLOUD, FI"
202836,"-Reserved AS-, ZZ"
203523,"VIRTONO-NETWORKS, RO"
203629,"TERRAHOST_AS, NO"
204196,"ABELOHOST, NL"
327705,"FUTA, NG"
327784,"FIDELITY-BANK, NG"
327813,"Web4Africa, ZA"
327942,"LANDMARK-UNIVERSITY, NG"
328035,"Zeta-Web-Nigeria-AS, NG"
394256,"CLOUDSINGULARITY - Tech Futures Interactive Inc., CA"
394330,"LTDBROADBAND - LTD Broadband LLC, US"
394380,"LEASEWEB-USA-DAL-10 - Leaseweb USA, Inc., US"
395089,"HEXTET - Hextet Systems, CA"
395111,"KVCNET-2009 - KVCHOSTING.COM LLC, US"
395978,UNKNOWN
"20248","Take 2 Hosting, Inc."
"44901","BelCloud Hosting Corporation"
"200904","Foxcloud Llp"
"53057","RedeHost Internet Ltda."
"200532","LLP Kompaniya Hoster.KZ"
"50968","Hostmaster, Ltd."
"135822","Ovi Hosting Pvt Ltd"
"55293","A2 Hosting, Inc."
"57286","Gigas Hosting S.A."
"201200","SuperHosting.BG Ltd."
"24549","Pacificnet Hosting Ltd"
"39458","Real Hosts Limited"
"200000","Hosting Ukraine LTD"
"14576","Hosting Solution Ltd."
"54290","Hostwinds LLC."
"206898","Server Hosting Pty Ltd"
"60117","Host Sailor Ltd."
"20448","VPNtranet, LLC."
"201553","Excom cloud S.L."
"54825","Packet Host, Inc."
"31472","VoiceHost Ltd"
"8556","Levantis Hosting GmbH"
"29119","ServiHosting Networks S.L."
"60476","MRG Hosting B.V."
"25532",".masterhost autonomous system"
"54500","18779 - EGIHosting"
"49949","24 Solutions Hosting Services AB"
"51698","Activehost RU Ltd."
"42442","Adacor Hosting GmbH"
"11274","Adhost Internet Advertising, LLC"
"57345","ADM-HOST di Ratti Alessandro"
"54817","ALDEN HOSTING LLC"
"200019","ALEXHOST SRL"
"53342","All Nine Hosting, Inc."
"33569","ALLHOSTSHOP.COM"
"201983","Ansluten Hosting i Sverige AB"
"132425","APC Hosting Pte Ltd"
"197395","Ark B Hosting BV"
"42699","AS managedhosting.de GmbH"
"31698","AS Number for WebHost.ie Ltd"
"42612","ASN de Dinahosting SL"
"29311","ASP4all Hosting B.V."
"54527","Astute Hosting Inc."
"63213","Astute Hosting Inc."
"27175","AtNetHost LLC"
"13209","Atom Hosting SRL"
"29140","Autonomous System Hostserver GmbH"
"27223","Bare Metal Hosting"
"31659","Below Zero Hosting Ltd."
"49834","Best Hosting Company Ltd"
"49693","Best-Hoster Group Co. Ltd"
"30152","Beyond Hosting, LLC"
"19133","Bird Hosting Inc."
"198414","Biznes-Host.pl sp. z o.o."
"45201","BlueCentral Pty Ltd Hosting Solutions."
"31981","BlueTower Hosting LLC"
"62605","Brain Host, LLC"
"61280","By Hosting B.V."
"53332","C2Hosting, LLC"
"61147","CallHosted B.V."
"51109","CAMELHOST SIA"
"19234","Canada Web Hosting"
"40438","Canhost Inc."
"58797","Carpathia Hosting"
"26978","Carpathia Hosting, Inc."
"29748","Carpathia Hosting, Inc."
"35974","Carpathia Hosting, Inc."
"262990","CENTER HOSTING TECNOLOGIA EIRELI"
"43021","Certit Hosting Handelsbolag"
"42695","City Network Hosting AB"
"39704","CJ2 Hosting B.V."
"62899","Clarity Web Hosting Inc."
"53281","Clearpath Hosting"
"59615","CLOUD HOSTING LLC"
"55761","Colocation Hosting Sdn Bhd"
"52335","Colombia Hosting"
"16973","Corporacion Hostarica S.A."
"196827","Credocom Hosting ApS"
"32647","Crucial Web Hosting, Ltd."
"14992","CrystalTech Web Hosting Inc."
"198968","Cyberneticos Hosting SL"
"196745","Datacenta Hosting Ltd"
"62071","Datahost SRL"
"132869","Dedicated-Hosting Solutions"
"56106","DEDICATEDGAMING.COM.AU - Hosting Provider AUSTRALIA"
"32911","DediPower Managed Hosting"
"24931","DediPower Managed Hosting Limited"
"57669","DediPower Managed Hosting Limited"
"48896","dhosting.pl Sp. z o.o."
"45481","Digital Sense Data Centre Hosting Brisbane"
"132509","DIGIWEB ADVANCED HOSTING LIMITED"
"39839","DK Hostmaster A/S"
"63129","DL Host"
"53370","dotCOM host"
"25048","DSNet Hosting Limited"
"28747","Easyhost BVBA"
"46433","EBOUNDHOST.com"
"55051","EBOUNDHOST.com"
"18570","EchoStar Broadcasting Corperation"
"13955","Echostar Broadcasting Corporation"
"16535","Echostar Holding Purchasing Corporation"
"22903","Edgewebhosting.net"
"9823","Education Web Hosting"
"46945","Elite Hosts, Inc."
"263032","Empire Host"
"36536","Enterhost"
"50986","Excellent Hosting Sweden AB"
"199733","Extrahost GmbH"
"48825","Fast2host Ltd"
"35914","FireHost, Inc."
"33552","Fluid Hosting LLC"
"52236","G2KHosting S.A."
"28855","GalacSYS is an hosting and managed services provider"
"198347","Game-Hosting GH AB"
"40728","GearHost, Inc."
"18120","Gemini Software Solutions (P) Ltd. Hosting Services, India"
"53914","Genesis Hosting Solutions, LLC"
"12586","GHOSTnet GmbH"
"55720","Gigabit Hosting Sdn Bhd"
"27640","GIGAS HOSTING USA, LLC"
"62563","GLOBALTELEHOST Corp."
"202118","Go Hosting S.P.R.L."
"9290","GoHosting"
"45887","GPLHost LLC"
"51050","H4Hosting B.V."
"20068","Hawk Host Inc."
"49485","High Availability Hosting Limited"
"40374","High Density Hosting, Inc."
"14415","Host Collective, Inc."
"46873","Host Color"
"14384","HOST DESIGNS, LLC"
"54555","Host Duplex, LLC"
"263237","HOST E.I.R.L."
"20773","Host Europe GmbH"
"53918","Host Hotels and Resorts, L.P."
"4851","Host Networks"
"32306","Host NIT Inc"
"133229","Host Palace Internet Services"
"28216","Host Revenda"
"36236","Host Virtual, Inc"
"42210","Host Virtual, Inc"
"51248","Host-Telecom.com s.r.o."
"49815","Host2 Ltd"
"34649","HOST365 LIMITED"
"41562","Host4all Sarl"
"33260","Hostasaurus, Inc."
"24220","Hostcentral"
"52347","HOSTCLICK, de DUCA GRACIELA MIRTA"
"45486","HostCorp Internet"
"33182","HostDime.com, Inc."
"53055","HostDime.com.br Data Center"
"51290","HOSTEAM S.C. TOMASZ GROSZEWSKI BARTOSZ WASZAK LUKASZ GROSZEWSKI"
"132225","Hosted Continuity Pty Ltd"
"133120","Hosted Network Pty. Ltd."
"42776","Hostel Ltd."
"55799","Hostemo Technology Sdn Bhd"
"48446","Hostersi Sp. z o.o."
"263093","Hostgator Brasil Hospedagem e suporte tecnico LTDA"
"56732","Hostinet AS"
"42399","Hosting Center LLC"
"47385","Hosting center Ltd."
"40539","Hosting Consulting, Inc"
"42244","Hosting Operator eServer.ru Ltd."
"29302","Hosting Services Inc"
"10929","Netelligent Hosting Services Inc."
"47549","Hosting Systems Ltd"
"200147","Hosting Techniques Limited"
"393326","Hosting4Biz"
"198171","HOSTING90 systems s.r.o."
"57773","HOSTINGBIT SRL"
"47583","Hostinger International Limited"
"43472","HostingMax Ltd"
"32338","Hostiserver Ltd"
"9166","HostIT NV"
"62082","Hostland LTD"
"198651","HOSTLINE, UAB"
"24725","Hostmaster LLC"
"29067","Hostmaster LLC"
"197902","Hostnet B.V."
"42418","Hostnordic A/S"
"29097","Hostpoint AG, Switzerland"
"196645","Hostpro Ltd."
"56110","HostRightNow Technologies India Pvt Ltd"
"23535","HostRocket.com, Inc."
"29869","HostRocket.com, Inc."
"62756","HostRocket.com, Inc."
"26484","HOSTSPACE NETWORKS LLC"
"25926","HostUS"
"15189","HostVentures.com, Inc."
"20401","Hostway Corporation"
"24679","Hostway Deutschland GmbH"
"25128","Hostway Deutschland GmbH"
"39756","HOSTWAY ROMANIA SRL"
"32400","Hostway Services, Inc."
"9412","Hostworks Content Delivery System"
"9667","Hostworks Pty Ltd"
"51294","HUBARA hosting solutions S.L."
"23052","ihost Solutions, Inc."
"28099","iHosting Servicios Internet Ltda."
"45693","INDIAGAMES TRANSIT AS Content hosting serivce India"
"17881","Inet Hosting Inc."
"17669","INFOPLEX Hosting and Managed Service Provider Asia Pacific"
"17918","INFOPLEX Hosting and Managed Service Provider Asia Pacific"
"50926","Infortelecom Hosting, S.L."
"201634","Ingram Micro Hosting B.V."
"22611","InMotion Hosting, Inc."
"54641","InMotion Hosting, Inc."
"61102","Interhost Communication Solutions Ltd."
"132071","Interhost Pacific Pty Ltd t/a Intervolve"
"10207","Interhost Pacific Pty Ltd t/a Intervolve."
"45577","Interhost Pacific Pty Ltd t/a Intervolve."
"132070","Interhost Pacific Pty Ltd t/a Intervolve."
"262603","INTERNET E WEB HOSTING SERV DE INFORMATICA LTDA"
"29883","Internet Hosting Servers"
"24558","Internet Hosting Service Provider to the Aditya"
"38279","IOMNET-AS ISP/Hosting service Provider Manila"
"199997","Ippon Hosting SARL"
"50465","IQHost Ltd"
"14120","IT Hosting Services, LLC."
"11235","Itron-Hosting"
"50655","Its Hosted"
"17019","JCHost Internet Services, LLC"
"31240","JSC Hosting Telesystems autonomous system"
"199481","K3 Hosting Limited"
"16862","Kansas Hosting, LLC"
"47161","KosmoHost IT Technologies LTD"
"56784","Limited liability company MultiHOST MSK"
"59791","Linqhost B.V."
"59677","LLC Kras-Host"
"202023","LLHost Inc"
"199990","LOCALHOST AS"
"50872","LOCALHOST D.O.O."
"54839","Lowest Host/Empire Technology LLC"
"58936","Managed Hosted Applications Limited"
"11230","Managed Hosting Services, LLC"
"62310","managedhosting.de GmbH"
"38894","manageNET Pty Ltd hosting services"
"47172","Mart Jaco van Santen trading as Greenhost VOF"
"262287","Maxihost Hospedagem de Sites Ltda"
"46260","MEDHOST, Inc."
"14442","Media-Hosts Inc."
"133143","Medihost Solutions Pty Ltd"
"197648","MEGA HOST LIMITED"
"39451","Melbourne Server Hosting Ltd."
"58922","Microchannel Hosting Pty Ltd"
"27589","MOJOHOST"
"42400","Multihost IT AS"
"133393","Naki Host Limited"
"201597","NE-IT Hosting B.V."
"28997","Nedcomp Hosting B.V."
"60800","Netwise Hosting Ltd."
"33322","Network Data Center Host, Inc."
"38001","NewMedia Express Pte Ltd. Singapore Web Hosting Service Provider"
"199129","Next point Host EOOD."
"197372","NMA Hosting Solutions BV"
"57752","NORMHOST SARL"
"201670","Novahosting Ltd."
"14244","NSI Hosting"
"22152","OC Hosting, Inc."
"34541","Online Solutions Hosting Services"
"196678","OOO Hosterov"
"43198","Outsourcery Hosting LTD"
"47625","Paul David Hughes trading as Hosting Systems"
"42331","PE Freehost"
"62049","Penta Corporate Hosting Ltd"
"35295","PeterHost.Ru Hosting Provider at SPb"
"42311","PGHOSTING-DRESDEN-BACKBONE"
"53589","PlanetHoster"
"59705","POBOX Hosting Limited"
"36791","Portland Internet Hosting LLC"
"14160","Premium Hosting, Inc."
"34432","Profihost AG"
"41062","ProstoHosting LTD"
"59135","PT Dapur Hosting"
"201630","QHOSTER LTD."
"25260","QualityHosting AG"
"23108","Quantact Hosting Solutions, Inc."
"40281","QWK.net Hosting, L.L.C."
"31590","Rackhosting.com ApS"
"10532","Rackspace Hosting"
"22720","Rackspace Hosting"
"27357","Rackspace Hosting"
"33070","Rackspace Hosting"
"45187","Rackspace IT Hosting AS IT Hosting Provider Hong Kong"
"7595","Readyspace Network Pte Ltd, Hosted Solutions Provider,Singapore"
"26481","Rebel Hosting"
"29713","Reliable Hosting Services"
"13926","Reliablehosting.com"
"54203","Reliablehosting.com"
"62651","Reliablehosting.com"
"63128","Reliablehosting.com"
"62838","Reprise Hosting"
"30849","Research-and-production company Host Ltd"
"14987","Rethem Hosting LLC"
"47577","Righthosting Ltd"
"54334","Roya Hosting LLC"
"63916","RSH Hosting Network"
"50915","S.C. Everhost S.R.L."
"21217","Safe Host SA"
"59816","SAFE HOSTS INTERNET LLP"
"23273","Santa Barbara Web Hosting, Inc."
"59632","SC Pidgin Host SRL"
"29452","Secura Hosting Ltd"
"59795","SecurityLayer Hosting Solutions SRL"
"60739","Server Centre Hosting Ltd"
"15919","Servicios de Hosting en Internet S.A."
"49313","Seva-Host Ltd"
"57879","sfip84 Hosting und mehr UG haftungsbeschraenkt"
"56617","SIA VPS Hosting"
"62088","Sinarohost LTD"
"45179","SiteHost New Zealand"
"27597","Siteserver Hosting, Inc."
"201702","skHosting.eu s.r.o."
"32740","Sliqua Enterprise Hosting, Inc."
"58667","SmartNet Hosting and connectivity"
"12617","Solido Hosting A/S"
"199847","SORTA-HOSTING-SMLLC"
"25642","Spiderhost Inc"
"14567","Springs Hosting"
"35278","SPRINTHOST.RU LLC"
"197914","Stockho Hosting SARL"
"41079","SuperHost.pl sp. z o.o."
"1442","SureHosting Internet Solutions, Inc."
"43620","Syan Limited Hosting"
"197439","Sylon Hosting GmbH"
"198313","SystemHOST Limited"
"42705","Talia provides VSAT network and hosting services worldwide."
"44398","TDC Hosting"
"13909","Techie Hosting, Inc."
"34745","TeleWare Hosted Services Ltd."
"24958","The Bunker Secure Hosting Limited"
"17971","TM-VADS DC Hosting"
"47143","Todayhost Limited"
"59854","Top Level Hosting SRL"
"57682","TOV HOST VDS"
"3722","Tranquil Hosting, Inc."
"13647","Tranquil Hosting, Inc."
"20450","Trojan Hosting, LLC."
"30235","Twinservers Hosting Solutions Inc."
"47205","UAB HOSTEX"
"23881","UDomain Web Hosting Company Ltd"
"198047","UK Webhosting Ltd"
"14986","Ultra Hosting"
"17920","Ultra Serve Internet Pty Ltd - Transit AS - Hosting Provider"
"32275","Unified Webhosting, LLC"
"50608","Ventelo Hosting AS"
"199213","Venzo Hosting A/S"
"262170","Visualhosting.net"
"201862","VMhosts Ltd"
"43541","VSHosting s.r.o."
"24381","Web Hosting and Colocation Services"
"10200","Web hosting provider and ISP connectivity."
"14708","WebHost Chile S.A."
"27229","Webhosting.Net, Inc."
"48093","Webland Hosting AB"
"42465","Websense Hosted Security - Anycast network"
"7598","Websense Hosted Security - AsiaPac region"
"30475","WeHostWebSites.com"
"55229","White Sands Hosting"
"7349","Windstream Hosted Solutions, LLC"
"33251","Windstream Hosted Solutions, LLC"
"52465","WNet Internet y Hosting"
"52270","X-Host SRL"
"45152","Zone Networks Pty Ltd, Managed Hosting Solutions"
"8477","ZTS Echostar Studio Poznan Poland"
"198153","AS SEIDOR DATACENTER SANTANDER"
"52925","Ascenty DataCenters Locacao e Servicos LTDA"
"61412","BunkerInfra Datacenters BV"
"262978","Centro de Tecnologia Armazem Datacenter Ltda."
"53225","DATACENTER"
"41427","DataCenter d.o.o."
"53101","Datacenter e Provedores Ltda-ME"
"41369","DataCenter Finland Oy"
"35467","DataCenter Fryslan AS"
"59554","Datacenter Groningen B.V."
"52674","DATACENTER LTDA"
"24611","Datacenter Luxembourg S.A."
"48812","DataCenter Noord BV"
"40715","DataCenter.BZ, LLC"
"201449","Digital Absolut Business - Servidor, Virtualizacao, Cluster, Datacenters e Telecomunicacoes"
"52321","Fideicomiso de Administraci&#243;n Datacenter Capitalinas"
"29331","Forsikringens Datacenter A/S"
"201709","HanDS Hanse Datacenter Services GmbH"
"53221","INTERNET DATACENTER"
"198432","Ipcore Datacenters S.L"
"51241","Iran Post Company-Tehran DataCenter"
"19969","Joe's Datacenter, LLC"
"56799","Jordens Datacenter NV"
"26277","Las Vegas NV Datacenter"
"58113","LIR DATACENTER TELECOM SRL"
"28333","Local Datacenter Solu&#231;&#245;es em Comunica&#231;&#227;o Ltda."
"42120","MODIT Datacenter Informatikai es Szolgaltato KFT"
"6718","NAV DATACENTER TELECOM SRL"
"20692","NetGate Datacenter ASN"
"17439","Netmagic Datacenter Mumbai"
"132717","NxtGen Datacenter &amp; Cloud Technologies Pvt. Ltd."
"9925","Powerbase DataCenter Services (HK) Ltd."
"132779","RackBank Datacenters Private Ltd"
"42622","Teknik i Media Datacenter Stockholm AB"
"6188","VPS Datacenter, LLC"
"40819","VPS Datacenter, LLC"
"24997","AS for CDN"
"38107","CDNetworks"
"36408","CDNetworks Inc."
"57363","CDNvideo LLC"
"46177","SimpleCDN Technologies, Inc."
"62026","SkyparkCDN Ltd."
"61107","UNIVERSAL CDN (CYPRUS) LTD"
